treatment,channel,n,min_log2fc,median_log2fc,mean_log2fc,max_log2fc
L4440,ch1,11,-0.011,0.176,0.177,0.352
erm-1,ch1,11,0.021,0.108,0.113,0.215
klp-9,ch1,12,-0.172,0.141,0.143,0.333
bmk-1,ch1,17,-0.03,0.157,0.179,0.567
klp-18,ch1,17,0.091,0.145,0.14,0.205
klp-19,ch1,15,0.069,0.143,0.144,0.254
unc-116,ch1,15,-0.008,0.148,0.153,0.307
nmy-1,ch1,15,0.037,0.145,0.144,0.249
nmy-2,ch1,17,-0.081,0.127,0.114,0.27
L4440,ch2,11,0.314,0.616,0.598,1.008
erm-1,ch2,11,0.042,0.114,0.111,0.187
klp-9,ch2,12,-0.146,0.112,0.131,0.308
bmk-1,ch2,17,0.043,0.4,0.412,0.947
klp-18,ch2,17,0.188,0.469,0.498,0.863
klp-19,ch2,15,0.225,0.707,0.676,1.127
unc-116,ch2,15,0.304,0.482,0.602,1.163
nmy-1,ch2,15,0.233,0.499,0.549,1.135
nmy-2,ch2,17,0.014,0.358,0.354,0.664
